Country/Region,Province/State,Population,Lat,Long,5/9/20,5/10/20,5/11/20,5/12/20,5/13/20,5/14/20,5/15/20,5/16/20,5/17/20,5/18/20,5/19/20,5/20/20,5/21/20,5/22/20,5/23/20,5/24/20,5/25/20,5/26/20,5/27/20,5/28/20,5/29/20,5/30/20,5/31/20,6/1/20,6/2/20,6/3/20,6/4/20,6/5/20,6/6/20,6/7/20,6/8/20,6/9/20,6/10/20,6/11/20,6/12/20,6/13/20,6/14/20,6/15/20,6/16/20,6/17/20,6/18/20,6/19/20,6/20/20,6/21/20,6/22/20,6/23/20,6/24/20,6/25/20,6/26/20,6/27/20,6/28/20,6/29/20,6/30/20,7/1/20,7/2/20,7/3/20,7/4/20,7/5/20,7/6/20,7/7/20,7/8/20,7/9/20,7/10/20,7/11/20,7/12/20,7/13/20,7/14/20,7/15/20,7/16/20,7/17/20,7/18/20,7/19/20,7/20/20,7/21/20,7/22/20,7/23/20,7/24/20,7/25/20,7/26/20,7/27/20,7/28/20,7/29/20,7/30/20,7/31/20,8/1/20,8/2/20,8/3/20,8/4/20,8/5/20,8/6/20,8/7/20,8/8/20,8/9/20,8/10/20,8/11/20,8/12/20,8/13/20,8/14/20,8/15/20,8/16/20,8/17/20,8/18/20,8/19/20,8/20/20,8/21/20,8/22/20,8/23/20
Alabama,US,5074296,32.377716,-86.300568,4042,4403,4687,4968,5227,5640,6054,6403,6665,7073,7654,8146,8677,9219,10001,10585,11176,11834,12459,13039,13662,14528,15208,15753,16512,17270,18057,18972,19554,20345,20920,21462,22146,22894,23550,24106,24770,25531,26314,26878,27536,27882,28428,28837,29147,29471,29705,30165,30441,30606,30957,31228,31507,31826,32012,32314,32662,32941,33180,33374,33584,33898,34184,34356,34441,34595,34730,34984,35060,35219,35279,35453,35493,35605,35717,35918,35978,36026,36147,36253,36358,36463,36532,36665,36700,36701,36737,36773,36820,36928,37006,37046,37083,37153,37260,37336,37422,37497,37542,37590,37667,37710,37750,37852,37885,37944,37990
Alaska,US,733583,58.301598,-134.420212,856,868,872,876,880,898,916,933,946,948,949,964,969,981,989,998,1004,1029,1050,1076,1099,1122,1137,1143,1164,1184,1197,1212,1232,1246,1263,1299,1341,1385,1416,1464,1521,1590,1672,1722,1788,1838,1891,1962,1995,2047,2114,2192,2269,2330,2402,2466,2535,2580,2662,2752,2819,2893,2964,3038,3106,3188,3278,3371,3454,3571,3667,3752,3851,3906,4008,4090,4171,4290,4358,4466,4570,4637,4763,4880,4997,5105,5197,5276,5396,5519,5620,5750,5889,6016,6151,6275,6411,6536,6676,6817,6971,7117,7260,7380,7499,7654,7812,7967,8119,8275,8427
Arizona,US,7359197,33.448143,-112.096962,5558,5723,5891,6067,6253,6442,6629,6821,7019,7201,7377,7542,7728,7918,8113,8306,8503,8697,8857,8997,9134,9267,9394,9513,9626,9733,9831,9935,10050,10154,10265,10382,10484,10589,10698,10810,10919,11031,11147,11268,11385,11504,11631,11771,11920,12076,12248,12445,12685,12968,13273,13571,13907,14272,14657,15070,15500,15941,16404,16879,17348,17808,18242,18712,19195,19689,20216,20770,21355,21948,22549,23084,23691,24278,24872,25484,26159,26764,27357,27973,28615,29229,29831,30394,30950,31465,31972,32504,33055,33626,34155,34693,35160,35712,36204,36699,37187,37664,38133,38583,39025,39444,39847,40258,40667,41068,41460
Arkansas,US,3045637,34.746613,-92.288986,754,755,755,758,760,761,761,761,761,761,761,762,762,762,762,762,763,763,763,763,764,764,764,765,844,851,852,852,852,852,852,852,852,852,853,853,853,853,854,854,855,855,855,855,855,855,855,855,855,855,855,855,855,855,855,855,855,855,855,855,855,855,855,855,855,858,861,862,877,880,880,880,884,884,889,889,897,897,897,907,907,918,922,925,925,925,937,939,939,944,955,955,955,963,963,977,981,989,989,989,1005,1005,1024,1024,1045,1045,1045
California,US,39029342,38.576668,-121.493629,43,45,45,45,45,48,48,48,48,50,52,52,58,60,61,69,70,70,71,74,81,84,86,86,86,86,86,86,88,91,92,96,113,118,130,138,140,142,148,155,166,172,176,183,186,189,197,212,212,259,267,276,284,291,315,328,346,346,346,386,386,396,458,462,506,525,541,576,607,638,687,705,749,779,812,851,880,916,932,950,1000,1078,1109,1148,1164,1199,1280,1344,1395,1483,1538,1572,1672,1679,1735,1762,1815,1852,1879,1906,1935,1966,2015,2044,2068,2134,2171
Colorado,US,5839926,39.739227,-104.984856,25,25,25,25,25,25,25,25,25,25,25,25,25,25,25,25,25,25,25,25,25,25,26,26,26,26,26,26,26,26,26,26,26,26,26,26,26,26,26,26,26,26,26,26,26,26,26,65,65,65,69,69,69,69,69,68,68,68,70,70,70,73,74,74,74,74,74,74,74,76,76,76,76,76,76,76,82,82,82,86,86,91,91,91,91,91,92,92,92,92,92,92,92,92,92,92,92,93,93,93,93,93,94,94,94,94,94
Connecticut,US,3626205,41.764046,-72.682198,5776,6034,6278,6563,6879,7134,7479,7805,8068,8371,8809,9283,9931,10649,11353,12076,12628,13228,13933,14702,15419,16214,16851,17415,18319,19268,20197,21037,22020,22794,23620,24761,25987,27373,28764,30295,31577,32785,34159,35552,37510,39570,41204,42785,44931,47203,49851,52457,55343,57744,59933,62268,64530,67197,69941,72786,75376,77815,80447,83426,87030,90693,94060,97509,100166,103265,106910,111146,114783,119301,122524,126755,130774,136118,141900,148027,153520,158334,162526,167416,173355,178996,185373,191302,196543,201919,206743,213535,220682,228195,235677,241811,246499,253868,260911,268574,276072,282437,289100,294569,299126,305966,312659,320884,329043,336802,342154
Delaware,US,1018396,39.157307,-75.519722,3175,3313,3392,3538,3718,3860,4044,4283,4472,4823,5041,5271,5606,5928,6302,6661,7113,7402,7774,8216,8676,8927,9282,9492,10009,10524,11221,11817,12364,13130,13325,13675,14103,14669,15281,16004,16667,17064,17489,18033,18698,19157,19708,20268,20588,21006,21717,22488,23247,23909,24645,25127,25542,26065,26658,27320,27900,28606,28936,29285,29820,30346,30903,31392,31969,32151,32490,33005,33559,34001,34462,34877,34981,35254,35693,36162,36613,36996,37317,37390,37629,37937,38196,38550,38841,39050,39102,39298,39586,39819,39985,40185,40410,40433,40593,40794,41023,41299,41495,41663,41701,41846,42056,42319,42477,42616,42792
District of Columbia,US,671803,38.9072,77.0369,107,107,107,107,107,107,107,107,107,107,107,107,107,107,107,107,107,107,107,107,107,107,107,107,107,107,107,107,108,108,108,108,108,108,108,108,108,108,108,108,108,108,108,108,108,108,108,108,108,108,108,108,108,108,108,108,108,108,108,111,112,113,113,113,113,113,113,113,113,113,113,113,113,113,113,113,113,113,113,113,113,113,113,113,113,113,113,113,113,113,113,113,113,113,113,113,113,113,113,113,113,113,113,113,113,113,113
Florida,US,22244823,21.307442,-157.857376,3053,3053,3053,3059,3063,3071,3074,3075,3076,3078,3081,3082,3084,3086,3087,3090,3092,3089,3090,3092,3092,3095,3098,3104,3104,3106,3110,3110,3109,3112,3114,3117,3117,3115,3119,3128,3131,3134,3135,3137,3143,3144,3149,3151,3150,3159,3162,3168,3174,3177,3184,3189,3203,3211,3211,3405,3419,3429,3433,3440,3453,3467,3474,3478,3492,3505,3517,3527,3535,3550,3568,3588,3599,3614,3633,3640,3654,3668,3685,3699,3718,3736,3756,3773,3784,3797,3809,3820,3832,3842,3851,3861,3875,3897,3915,3927,3936,3945,3950,3957,3959,3966,3971,3972,3981,3985,3988
Georgia,US,10912876,30.438118,-84.281296,29,29,29,29,29,29,29,29,29,29,29,29,29,29,29,29,29,29,29,29,29,29,29,29,29,29,29,29,29,29,29,29,29,29,29,29,29,29,29,29,29,29,29,29,29,29,29,29,29,29,29,29,29,30,30,30,30,30,30,30,30,31,31,31,31,31,31,31,31,31,31,31,31,31,31,31,31,31,31,31,31,31,31,33,33,33,33,33,33,33,33,33,33,33,33,33,33,33,33,33,33,33,33,33,33,33,33
Hawaii,US,1440196,33.749027,-84.388229,1045,1045,1051,1052,1051,1054,1055,1055,1057,1057,1058,1058,1058,1060,1061,1056,1057,1058,1058,1058,1058,1058,1058,1059,1059,1060,1060,1061,1061,1062,1062,1062,1063,1064,1065,1065,1065,1065,1066,1066,1066,1066,1066,1066,1066,1066,1066,1067,1067,1067,1067,1067,1067,1067,1067,1067,1067,1067,1068,1068,1068,1068,1070,1070,1071,1071,1071,1071,1071,1071,1071,1072,1072,1073,1074,1076,1076,1076,1076,1076,1078,1082,1083,1084,1085,1085,1085,1088,1088,1087,1088,1088,1089,1089,1089,1089,1091,1091,1091,1091,1091,1092,1093,1094,1103,1105,1106
Idaho,US,1939033,43.617775,-116.199722,439,439,439,439,439,439,439,439,439,439,439,439,439,439,439,439,439,440,440,440,440,440,440,440,440,440,440,440,440,440,440,440,440,440,440,440,440,440,440,440,440,440,440,440,440,440,440,440,440,440,440,443,443,443,443,443,443,443,443,443,443,443,443,443,443,443,443,444,444,444,444,444,444,444,446,447,447,447,447,447,448,448,449,451,453,455,457,457,456,459,459,459,459,459,459,459,460,460,460,461,462,462,462,462,462,462,463
Illinois,US,12582032,39.798363,-89.654961,227,227,227,227,227,227,228,228,228,228,228,228,228,228,228,228,228,228,228,228,228,228,228,228,228,228,228,228,228,228,228,228,228,228,228,228,228,228,228,228,228,228,228,228,228,228,228,228,228,228,228,228,228,228,228,228,228,228,228,228,228,228,228,228,228,228,228,228,228,228,228,228,229,229,229,229,229,229,229,229,229,229,229,229,229,229,229,229,229,229,229,229,229,229,230,230,230,230,230,230,230,230,230,230,230,230,230
Indiana,US,6833037,39.768623,-86.162643,1487,1496,1511,1514,1521,1540,1551,1558,1564,1573,1573,1581,1593,1593,1603,1605,1610,1618,1628,1634,1645,1649,1653,1663,1670,1678,1681,1681,1685,1687,1687,1691,1699,1703,1703,1720,1732,1741,1762,1780,1792,1792,1836,1847,1864,1884,1917,1947,1947,2028,2099,2159,2231,2303,2368,2368,2536,2660,2824,2942,3098,3397,3560,3799,3967,4224,4448,4750,5165,5353,5696,5942,6289,6739,7125,7405,7744,8181,8696,9049,9304,9998,10577,10931,11557,11937,12335,13035,13469,13867,14283,14659,14957,15251,15646,15863,16234,16517,16764,17027,17238,17446,17683,17852,18029,18231,18330
Iowa,US,3200517,41.591087,-93.603729,552,552,553,553,552,552,552,553,554,557,557,557,557,557,560,560,564,570,570,577,585,586,589,591,592,592,592,596,599,599,599,599,601,602,602,602,602,602,602,603,603,604,605,605,607,607,608,608,608,609,609,611,611,611,611,611,612,618,621,624,624,627,634,635,635,636,636,646,646,651,651,651,651,651,651,654,656,658,658,659,661,661,665,666,641,669,669,670,670,642,642,642,642,642,642,644,645,646,646,646,647,647,651,651,651,652,652
Kansas,US,2937150,39.048191,-95.677956,15833,15871,15882,15961,15997,16058,16109,16201,16242,16269,16321,16353,16404,16436,16486,16503,16539,16557,16591,16628,16655,16685,16731,16733,16759,16771,16805,16843,16898,16902,16968,16979,17005,17034,17064,17078,17109,17135,17189,17203,17223,17271,17323,17341,17380,17408,17449,17477,17522,17580,17654,17723,17766,17873,17941,18050,18165,18280,18365,18421,18513,18615,18709,18783,18897,18948,19021,19154,19270,19439,19573,19655,19743,19827,19929,20099,20214,20338,20472,20558,20677,20850,20955,21130,21212,21304,21385,21481,21566,21696,21837,21919,22033,22106,22245,22439,22594,22876,23179,23370,23534,23829,24084,24431,24762,25062,25253
Kentucky,US,4512310,38.186722,-84.875374,2422,2519,2589,2693,2758,2879,2980,3138,3274,3387,3518,3631,3749,3855,3982,4122,4271,4403,4568,4759,4989,5246,5494,5662,5935,6260,6522,6860,7239,7553,7876,8191,8530,8882,9218,9570,9957,10324,10662,10991,11329,11767,12238,12729,13207,13715,14305,14852,15369,15890,16424,16968,17524,18112,18684,19267,19801,20324,20837,21374,21916,22464,22990,23521,24041,24570,25113,25672,26165,26636,27133,27521,27890,28242,28633,28980,29312,29633,30050,30446,30858,31221,31560,31878,32157,32443,32684,32910,33103,33247,33376,33481,33568,33647,33731,33824,33915,34018,34107,34219,34343,34474,34620,34759,34921,35105,35274
Louisiana,US,4590241,30.457069,-91.187393,92,92,93,93,94,96,96,96,96,96,96,97,97,97,100,100,100,100,100,101,102,102,102,102,102,102,102,102,103,103,103,103,103,103,103,103,103,103,104,104,104,104,104,104,104,104,104,104,104,104,104,104,104,104,104,104,104,104,104,104,106,107,108,111,111,113,116,119,124,129,138,153,174,194,219,274,316,326,342,382,447,484,508,574,599,648,679,715,751,761,830,878,898,945,989,1036,1089,1119,1252,1315,1329,1424,1531,1610,1703,1765,1784
Maine,US,1385340,44.307167,-69.781693,4774,4941,5236,5531,5816,6198,6583,6747,6956,7184,7532,7888,8174,8414,8802,9138,9171,9366,9692,10052,10449,10793,11398,11871,12311,12815,13296,13835,14383,14763,15417,15731,16200,16667,17269,17713,18227,19013,19553,19961,20430,20916,21331,21764,22407,23062,23570,24081,24805,25267,25705,26239,26758,27414,27837,28410,28857,29367,29821,30321,30931,31528,32039,32470,32941,33476,34078,34560,35084,35473,36004,36422,36936,37316,37637,37996,38458,38747,39131,39482,39921,40311,40755,40982,41190,41536,41835,42132,42514,42889,43307,43629,44011,44397,44804,45264,45726,46052,46430,46835,47185,47581,47950,48303,48661,49038,49330
Maryland,US,6164660,38.978764,-76.490936,13770,14657,15691,16660,17822,18863,20065,20995,22268,23870,25121,26738,28511,30205,32078,33610,35585,36751,38292,40321,42844,44608,47153,49534,52445,55140,57563,60391,63026,65769,68504,71675,74865,78052,81523,84379,87520,90619,94481,98489,102292,105535,108775,112306,115786,119198,122660,126606,130474,133978,137787,141801,145483,149258,153277,156391,159679,162417,165618,168645,172134,175494,178443,181129,183795,186894,190057,193590,196323,199357,202066,204525,207453,210510,213254,216110,218658,221178,223453,226225,229185,232194,234889,237661,239860,240746,242102,244020,246674,249651,252502,255113,257600,260507,263503,266498,269115,271881,274525,276549,279144,282344,285091,287959,290360,292625,294598
Massachusetts,US,6981974,42.358162,-71.063698,84,84,84,85,85,85,85,86,88,88,90,90,90,90,92,92,92,92,92,92,92,92,92,92,92,92,92,92,92,92,92,92,96,96,96,96,96,97,97,97,97,97,97,97,97,97,97,97,97,97,97,97,97,97,97,97,97,98,98,98,98,98,98,103,103,103,103,104,104,104,104,105,106,106,106,106,108,108,110,110,110,110,110,110,122,132,132,132,133,133,138,138,142,142,143,144,144,148,150,151,152,153,155,156,157,158,161
Michigan,US,10034113,42.733635,-84.555328,22052,22973,23906,24873,25825,26772,27730,28681,29650,30572,31508,32426,33371,34303,35244,36198,37144,38059,38956,39858,40764,41658,42556,43403,44255,45116,45981,46868,47751,48630,49453,50265,51066,51816,52520,53241,53973,54680,55369,56032,56657,57333,57936,58505,59023,59487,59945,60382,60713,61095,61475,61790,62118,62424,62698,62997,63270,63554,63804,64003,64224,64411,64604,64767,64932,65114,65269,65443,65623,65782,65953,66095,66213,66348,66521,66688,66846,67002,67132,67251,67366,67518,67665,67808,67946,68067,68166,68250,68376,68503,68614,68738,68850,68947,69005,69102,69203,69308,69308,69516,69589,69673,69801,69950,70111,70285,70468
Minnesota,US,5717184,44.955097,-93.102211,52596,53081,53449,53779,53981,54288,54644,54989,55280,55559,55791,55983,56235,56511,56810,57092,57342,57455,57592,57849,58061,58186,58381,58517,58615,58685,58767,58907,59072,59226,59348,59437,59569,59711,59819,59918,60029,60100,60155,60244,60348,60476,60550,60550,60550,60810,60898,61007,61106,61209,61295,61361,61427,61509,61598,61727,61838,62016,62058,62058,62123,62210,62357,62469,62707,62707,62781,62872,63238,63499,63706,63706,64094,64258,64627,64847,65199,65727,66026,66428,66662,67335,68006,68751,69402,69849,70314,70648,71158,72016,72784,73401,74152,74620,75008,75647,76191,77113,77869,78323,78534,78897,79479,80178,80894,81468,81936
Mississippi,US,2940057,32.303848,-90.182106,18,18,18,18,18,18,18,18,18,18,18,18,18,18,18,18,18,18,18,18,18,18,18,18,18,18,18,19,19,19,19,20,20,20,20,20,20,21,22,22,22,22,22,22,23,23,23,23,24,24,24,24,24,28,28,30,30,30,30,30,30,30,37,37,37,37,39,39,40,40,40,40,40,42,43,47,48,48,48,48,48,48,48,48,56,57,57,57,86,114,114,146,153,177,177,210,296,356,388,452,475,475,553,605,648,668,686
Missouri,US,6177957,38.579201,-92.172935,284,319,319,327,327,339,339,339,339,339,130,130,135,135,135,191,191,208,210,210,224,224,232,243,244,244,261,261,261,261,288,305,305,305,388,412,442,483,532,572,597,650,650,765,807,850,902,1017,1053,1124,1149,1187,1199,1199,1199,1199,1199,1199,1199,1199,1199,1285,1285,1378,1378,1378,1378,1378,1463,1602,1602,1602,1602,1602,1690,1694,1694,1694,1770,1770,1770,1805,1805,1805,1805,1805,1805,1914,1936,1936,1936,1936,1936,1936,2001,2014,2014,2014,2063,2063,2063,2063,2095,2095,2095,2115,2115
Montana,US,1122867,46.585709,-112.018417,7,7,9,11,15,20,21,21,21,21,21,21,21,21,24,24,27,27,28,31,31,33,43,43,47,47,47,48,48,59,59,59,59,62,62,66,66,67,67,67,67,68,68,68,68,70,70,70,70,75,76,77,77,77,77,77,78,80,80,80,80,80,80,82,84,84,84,84,86,87,87,89,90,92,92,92,92,92,95,99,99,99,101,101,102,102,103,105,105,108,108,108,110,110,113,113,128,133,133,138,141,147,147,153,154,155,155
Nebraska,US,1967923,40.808075,-96.699654,2437,2556,2831,2964,3148,3372,3577,3826,4088,4263,4481,4919,5187,5579,5915,6263,6660,7136,7768,8387,8731,9592,9982,10531,10991,11638,12245,12728,13358,13643,13949,14644,15281,16165,16929,17842,18459,19073,19883,20685,21499,22476,23512,24388,25493,26389,27487,28503,29423,30676,31524,32125,33219,34227,35528,36818,38071,39297,40509,41545,42984,44113,45565,47200,48187,49250,50867,52218,54156,56102,58138,59582,60991,62357,64135,65252,66456,68281,69429,71181,72327,73534,75234,76789,78793,80153,81846,83361,85141,86423,87891,89055,89999,91635,93328,95071,96459,97950,99146,100344,101223,103019,105050,106065,107435,108427,109149
Nevada,US,3177772,39.163914,-119.766121,2090,2117,2141,2158,2181,2218,2236,2267,2290,2304,2321,2338,2350,2372,2391,2401,2406,2416,2435,2462,2485,2494,2510,2524,2535,2551,2594,2606,2606,2606,2704,2728,2775,2832,2893,2893,2893,3040,3085,3141,3174,3273,3273,3273,3525,3588,3676,3796,3935,3935,3935,4325,4453,4606,4788,4962,4962,4962,5458,5621,5869,6086,6402,6719,6877,6981,6981,7411,7681,7908,8161,8340,8479,8787,9115,9462,9767,9767,9767,10498,10766,11127,11444,11876,11876,12296,12462,12856,13138,13396,13687,13687,13687,14498,14708,14961,15184,15535,15801,15801,16111,16351,16691,17029,17396,17715,17715
New Hampshire,US,1395231,43.206898,-71.537994,23,23,24,24,24,24,24,24,25,25,25,25,29,30,30,35,35,35,35,35,35,35,35,38,40,40,40,40,40,40,42,42,48,48,48,60,60,60,60,79,79,89,89,89,89,89,92,92,92,92,92,175,227,227,227,277,277,277,314,314,314,314,314,314,399,399,399,399,522,522,522,522,522,522,522,592,686,686,686,739,739,804,804,804,804,804,804,804,804,804,804,804,804,1066,1066,1066,1214,1214,1214,1214,1308,1308,1308,1308,1308,1308,1308
New Jersey,US,9261699,40.220596,-74.769913,156061,162699,169594,178214,190137,203165,220291,233511,241080,255368,271885,291579,310087,330890,347398,363211,374898,391222,411821,438238,465166,498440,514849,526447,555383,584016,614941,645771,672846,691758,707412,739503,772416,802828,828810,850514,867624,888271,923189,955377,978142,1032913,1067579,1083341,1106470,1145906,1188631,1228114,1274974,1313667,1344143,1368195,1402041,1448753,1496858,1539081,1577004,1603055,1623284,1668589,1713160,1755779,1800827,1839850,1864681,1884967,1926824,1966748,2012151,2046328,2074860,2098389,2118646,2159654,2227514,2287475,2343366,2394513,2419091,2442375,2483191,2552265,2610102,2662485,2707877,2733677,2750318,2801921,2859073,2912212,2962442,3012412,3035422,3057470,3109630,3164785,3224876,3275520,3317096,3340197,3359570,3407354,3456652,3501975,3532330,3582362,3605783
New Mexico,US,2113344,35.68224,-105.939728,141,141,141,141,141,141,141,141,141,141,141,141,141,141,141,141,141,141,141,141,141,141,141,141,141,141,141,141,141,141,141,141,141,141,141,141,141,141,141,141,141,141,141,141,141,141,141,141,141,141,141,141,141,141,141,141,141,141,141,141,141,141,141,141,141,141,141,141,141,141,141,141,141,141,141,141,141,141,141,141,141,141,141,141,141,141,141,141,141,141,142,142,142,142,142,142,142,142,142,142,142,142,143,143,143,143,143
New York,US,19677151,35.78043,-78.639099,1921,1965,1990,2023,2069,2100,2138,2175,2211,2235,2259,2292,2331,2372,2408,2427,2433,2443,2460,2477,2485,2499,2513,2519,2538,2560,2585,2627,2711,2727,2810,2889,2993,3086,3191,3266,3290,3341,3453,3542,3674,3755,3872,3905,3984,4114,4242,4408,4513,4625,4691,4831,4989,5154,5315,5497,5677,5740,5914,6102,6342,6672,6964,7175,7252,7411,7645,7877,8144,8442,8638,8733,8929,9254,9584,9853,10123,10312,10427,10621,10871,11155,11420,11690,11836,11955,12159,12414,12717,13014,13209,13343,13396,13512,13722,13893,13893,14243,14333,14365,14500,14669,14820,14962,15131,15131,15287
North Carolina,US,10698973,46.82085,-100.783318,748,751,760,766,773,773,780,782,796,796,796,809,812,814,814,814,832,832,845,847,847,847,847,847,881,884,885,888,888,889,890,891,891,892,892,892,894,894,895,899,899,900,901,903,903,907,919,934,941,941,959,959,962,962,967,980,987,987,1000,1003,1003,1005,1020,1033,1036,1036,1037,1038,1038,1045,1047,1052,1065,1065,1066,1070,1075,1086,1086,1100,1105,1105,1106,1106,1143,1143,1150,1153,1153,1158,1158,1175,1175,1204,1211,1213,1228,1238,1240,1267,1280,1280,1285,1297,1297,1297,1320
North Dakota,US,779261,42.652843,-73.757874,178,180,180,180,181,181,182,182,184,191,193,199,199,199,201,201,203,206,206,206,207,224,224,228,232,233,236,236,240,242,244,246,248,260,261,261,261,262,262,262,286,286,287,290,291,292,293,293,293,296,299,299,299,303,304,306,313,313,316,316,317,321,326,330,331,336,337,337,339,339,340,341,341,341,343,343,346,348,350,350,351,351,353,353,353,353,355,356,357,357,359,359,360,360,360,361,369,374,374,375,376,376,394,399,435,441,450
Ohio,US,11756058,39.961346,-82.999069,15,15,15,15,15,15,15,15,23,42,42,42,42,42,42,42,42,42,42,42,42,63,63,63,63,63,63,63,83,83,83,83,83,85,85,85,85,85,104,104,104,104,104,144,144,144,144,144,144,170,170,170,170,170,170,191,191,191,191,191,191,191,191,191,191,269,269,269,303,310,310,310,322,328,328,345,345,361,361,378,378,387,387,387,395,395,395,395,395,400,400,405,408,408,408,409,410,412,412,413,413,416,422,422,426,429,430
Oklahoma,US,4019800,35.492207,-97.503342,236,246,260,267,289,315,326,328,328,328,335,349,356,362,371,380,390,390,390,390,405,421,435,458,466,477,502,536,542,554,567,585,615,657,697,726,750,760,781,792,823,848,863,890,944,982,999,1003,1027,1091,1155,1165,1227,1267,1301,1382,1421,1451,1463,1499,1542,1552,1591,1623,1623,1698,1722,1780,1894,1939,2014,2045,2071,2107,2154,2190,2220,2258,2307,2328,2354,2373,2418,2451,2480,2547,2583,2631,2689,2734,2780,2835,2858,2883,2920,3000,3073,3136,3163,3179,3203,3253,3321,3368,3412,3455,3509
Oregon,US,4240137,44.938461,-123.030403,122,122,122,122,122,122,122,122,122,122,122,122,123,123,124,124,124,124,124,124,124,125,125,125,125,125,125,125,125,126,126,126,126,126,126,128,128,128,128,128,129,129,129,129,130,130,130,130,139,141,141,141,141,141,141,141,141,141,141,141,141,141,141,156,156,165,165,166,171,171,171,171,171,197,198,202,202,225,225,226,226,226,234,239,240,240,240,243,243,243,246,248,251,251,268,272,273,273,273,273,273,273,273,273,273,273,273
Pennsylvania,US,12972008,40.264378,-76.883598,2274,2579,2689,2689,2800,2954,3105,3105,3105,3529,3529,3733,4288,4400,4400,4890,4890,5436,5436,5436,5436,5904,5904,6397,6585,6585,6789,7392,7599,7908,8060,8312,8681,8681,8681,8681,8681,9864,9864,9864,9864,10638,11610,11892,12041,12270,12592,12592,12592,12592,12592,12592,12592,12592,12592,12592,12592,12592,12592,14916,14916,14916,14916,15173,15173,15173,15173,15173,16157,16157,16157,16157,16157,16522,16522,16522,16708,16708,16708,17110,17179,17255,17255,17255,17255,17255,17255,17718,17718,17718,17718,18042,18042,18042,18213,18263,18308,18469,18469,18469,18582,18599,18624,18762,18762,18762,18762
Rhode Island,US,1093734,41.830914,-71.414963,6157,6253,6300,6345,6407,6457,6515,6587,6644,6683,6716,6735,6768,6800,6818,6860,6879,6901,6926,6955,6979,6992,7010,7044,7057,7076,7091,7098,7138,7138,7202,7229,7276,7316,7346,7383,7433,7453,7482,7530,7579,7625,7673,7704,7736,7781,7825,7851,7888,7957,7996,8067,8108,8108,8202,8259,8259,8259,8389,8436,8482,8519,8596,8596,8596,8826,8912,8994,9114,9219,9219,9219,9587,9728,9728,9975,10086,10086,10086,10390,10470,10603,10716,10843,10843,10843,10843,11146,11240,11296,11430,11430,11430,11687,11772,11893,11969,12053,12053,12053,12053,12419,12501,12501,12748,12748,12748
South Carolina,US,5282634,34.000343,-81.033211,2330,2330,2353,2360,2376,2392,2407,2428,2428,2444,2446,2467,2479,2507,2517,2517,2530,2541,2550,2558,2562,2573,2573,2597,2601,2623,2632,2632,2632,2632,2659,2669,2680,2694,2709,2709,2709,2745,2756,2775,2783,2790,2790,2790,2822,2835,2849,2869,2878,2878,2878,2904,2916,2916,2940,2947,2947,2947,2978,2990,3008,3028,3053,3053,3053,3053,3128,3149,3170,3198,3198,3198,3300,3328,3328,3392,3392,3419,3419,3500,3523,3562,3591,3641,3641,3641,3641,3787,3834,3881,3934,3934,3934,4065,4111,4111,4274,4358,4358,4358,4358,4677,4745,4745,4915,4915,4915
South Dakota,US,909824,44.367031,-100.346405,1,1,1,1,1,1,1,1,1,1,1,1,1,1,1,1,1,1,1,1,1,1,1,1,0,0,0,0,0,0,0,0,0,0,0,0,0,0,0,0,0,0,0,0,0,0,0,0,0,0,0,0,0,0,0,0,0,0,0,0,0,0,0,0,0,0,0,0,0,0,0,0,0,0,0,0,0,0,0,0,0,0,0,0,0,0,0,0,0,0,0,0,0,0,0,0,0,0,0,0,0,0,0,0,0,0,0
Tennessee,US,7051339,36.16581,-86.784241,13,13,13,13,13,13,13,13,13,13,13,13,13,13,13,13,13,13,13,13,13,13,13,13,13,13,13,13,13,13,13,13,13,13,13,13,13,13,13,13,13,13,13,13,13,13,13,13,13,13,13,13,13,13,13,13,13,13,13,13,13,13,13,13,13,13,13,13,13,13,13,13,13,13,13,13,13,13,13,13,13,13,13,13,13,13,13,13,13,13,13,13,13,13,13,13,13,13,13,13,13,13,13,13,13,13,13
Texas,US,30029572,30.27467,-97.740349,284,287,289,290,290,289,289,289,289,290,290,290,290,292,292,292,292,292,292,294,294,294,295,295,297,298,298,300,300,300,300,300,300,300,301,303,304,304,304,306,308,311,313,313,314,314,315,316,318,322,322,324,325,325,325,325,325,325,325,325,325,325,325,325,325,325,330,330,331,336,337,343,354,366,374,375,384,388,394,400,405,407,409,415,417,435,442,443,444,474,491,507,542,558,562,578,603,643,663,697,731,748,763,796,830,872,944
Utah,US,3380800,40.777477,-111.888237,120,120,120,120,120,120,120,120,120,120,120,120,121,121,121,121,121,122,123,126,128,129,132,132,133,135,136,136,136,137,146,147,151,153,154,157,157,160,163,164,164,164,164,164,164,165,165,165,165,165,165,165,165,165,165,165,165,165,165,165,165,166,166,166,166,166,167,168,168,168,168,169,170,170,170,170,170,170,170,170,170,170,170,170,170,170,170,170,174,176,176,176,176,176,177,178,180,180,184,186,186,186,186,186,188,188,189
Vermont,US,647064,44.262436,-72.580536,261,261,261,261,261,261,260,260,260,260,260,260,260,260,260,260,260,260,260,261,261,261,261,261,261,261,261,261,261,261,261,261,261,261,261,261,261,261,261,261,261,261,261,261,261,261,261,261,261,261,261,261,261,261,261,261,261,261,261,261,261,261,262,262,262,262,262,262,262,262,262,262,262,263,264,264,265,265,266,266,266,266,266,266,266,266,266,266,266,266,267,267,267,268,268,268,268,268,268,268,268,268,268,268,268,268,268
Virginia,US,8683619,37.538857,-77.43364,5,5,5,5,5,5,5,5,5,5,5,5,5,5,5,5,5,5,5,5,5,5,5,5,5,5,5,5,5,5,5,5,5,5,5,5,5,5,5,5,5,5,5,5,5,5,5,5,5,5,5,5,5,5,5,5,5,5,5,5,5,5,5,5,5,5,5,5,5,5,5,5,5,5,5,5,5,5,5,5,5,5,5,5,5,5,5,5,5,5,5,5,5,5,5,5,5,5,5,5,5,5,5,5,5,5,5
Washington,US,7785786,47.035805,-122.905014,1011,1018,1019,1020,1024,1026,1034,1037,1040,1043,1044,1045,1046,1048,1049,1050,1051,1052,1053,1055,1055,1056,1056,1057,1057,1058,1058,1058,1058,1059,1059,1060,1061,1061,1061,1061,1061,1061,1061,1061,1061,1061,1061,1061,1061,1061,1061,1061,1061,1061,1061,1061,1062,1063,1064,1064,1064,1064,1065,1065,1066,1066,1066,1066,1066,1066,1066,1067,1067,1067,1067,1067,1067,1067,1067,1067,1067,1067,1067,1067,1067,1067,1067,1069,1069,1071,1071,1071,1071,1071,1071,1071,1071,1071,1071,1071,1071,1072,1074,1074,1075,1075,1076,1077,1077,1078,1080
West Virginia,US,1775156,38.336246,-81.612328,0,0,0,0,0,0,0,0,0,0,0,0,0,0,0,0,0,0,0,0,0,0,0,0,0,0,0,0,0,0,0,0,0,0,0,0,0,0,0,0,0,0,0,0,0,0,0,0,0,0,0,0,0,0,0,0,0,0,0,0,0,0,0,0,0,0,0,0,0,0,0,0,0,0,0,0,0,0,0,0,0,0,0,0,0,0,0,0,0,0,0,0,0,0,0,0,0,0,0,0,0,0,0,0,0,0,0
Wisconsin,US,5892539,43.074684,-89.384445,21148,21469,21817,22158,22516,22865,23258,23645,23974,24286,24755,25197,25595,26085,26560,26897,27302,27624,27943,28320,28700,29023,29390,29845,30259,30603,30946,31359,31620,32096,32395,32678,32936,33173,33378,33625,33806,33986,34174,34382,34574,34780,35044,35217,35418,35657,35861,36046,36151,36322,36597,36823,36961,37085,37242,37407,37525,37653,37829,37917,38079,38200,38323,38398,38481,38730,38814,38918,39043,39164,39316,39434,39553,39718,39824,39936,40341,40457,40558,40673,40787,40873,40953,41178,41257,41333,41391,41495,41560,41635,41815,41894,41962,42082,42162,42233,42313,42412,42501,42563,42686,42800,42890,42983,43126,43218,43323
Wyoming,US,581381,41.140259,-104.820236,27,27,27,27,27,27,27,27,27,27,27,27,27,27,27,27,27,27,27,27,27,27,27,27,27,27,27,27,27,27,27,27,27,27,27,27,27,27,27,27,27,27,27,27,27,27,27,27,27,27,27,27,27,27,27,27,30,32,32,32,32,33,33,33,34,35,36,36,36,36,36,36,36,36,36,36,36,36,36,36,36,36,36,36,36,36,36,36,36,36,36,36,36,36,36,41,41,41,41,41,41,44,44,44,44,44,44
USA,US,333287557,37.0902,95.7129,261,261,261,261,261,261,260,260,260,260,260,260,260,260,260,260,260,260,260,261,261,261,261,261,261,261,261,261,261,261,261,261,261,261,261,261,261,261,261,261,261,261,261,261,261,261,261,261,261,261,261,261,261,261,261,261,261,261,261,261,261,261,262,262,262,262,262,262,262,262,262,262,262,263,264,264,265,265,266,266,266,266,266,266,266,266,266,266,266,266,267,267,267,268,268,268,268,268,268,268,268,268,268,268,268,268,268
